,project,list,InTemplate?
0,arangodb_arangodb,,0
1,apache_storm,"DEPENDENCY-LICENSES
DEVELOPER.md
KEYS
LICENSE
LICENSE-binary
NOTICE
NOTICE-binary
README.markdown
RELEASING.md
SECURITY.md
THIRD-PARTY.properties
VERSION
bin
conf
dev-tools
doap_Storm.rdf
docs
examples
external
flux
integration-test
licenses
log4j2
pom.xml
sql
storm-buildtools
storm-checkstyle
storm-client
storm-clojure
storm-clojure-test
storm-core
storm-dist
storm-multilang
storm-server
storm-shaded-deps
storm-submit-tools
storm-webapp
",0
2,iojs_io.js,"AUTHORS
BSDmakefile
BUILDING.md
CHANGELOG.md
CODE_OF_CONDUCT.md
CONTRIBUTING.md
GOVERNANCE.md
LICENSE
Makefile
README.md
SECURITY.md
android-configure
benchmark
common.gypi
configure
configure.py
deps
doc
glossary.md
lib
node.gyp
node.gypi
onboarding.md
src
test
tools
vcbuild.bat
",0
3,docker_hub-beta-feedback,"ISSUE_TEMPLATE.md
README.md
",0
4,jessfraz_irssi,"LICENSE
README.md
alpine
debian
generate-stackbrew-library.sh
update.sh
",0
5,odoo_docker,"11.0
12.0
13.0
LICENSE
README.md
",0
6,backdrop-ops_backdrop-docker,"1
README.md
",0
7,RocketChat_Rocket.Chat,"CODE_OF_CONDUCT.md
FEATURES.md
HISTORY.md
LICENSE
LIMITATION_OF_RESPONSIBILITY.md
README.md
SECURITY.md
app
app.json
client
definition
docker-compose.yml
ee
example-build-run.sh
example-ecosystem.json
example-pm2.json
example-settings.json
imports
install.sh
lib
mocha.opts.js
mocha_end_to_end.opts.js
package-lock.json
package.json
packages
private
public
publish_packages.sh
scalingo.json
server
tests
tsconfig.json
typings.d.ts
",0
8,rocker-org_rocker,"CODE_OF_CONDUCT.md
CONTRIBUTING.md
LICENSE
README.md
circle.yml
doc
icon
r-apt
r-base
r-bspm
r-devel
r-rmd
r-rspm
r-ubuntu
rstudio
",0
9,php_php-src,"CODING_STANDARDS.md
CONTRIBUTING.md
EXTENSIONS
LICENSE
NEWS
README.REDIST.BINS
README.md
TSRM
UPGRADING
UPGRADING.INTERNALS
Zend
appveyor
azure
azure-pipelines.yml
build
buildconf
buildconf.bat
configure.ac
docs
ext
main
pear
php.ini-development
php.ini-production
run-tests.php
sapi
scripts
tests
travis
win32
",0
10,docker_distribution,"BUILDING.md
CONTRIBUTING.md
Dockerfile
GOVERNANCE.md
LICENSE
MAINTAINERS
Makefile
README.md
ROADMAP.md
blobs.go
cmd
configuration
context
contrib
digestset
doc.go
docs
errors.go
go.mod
go.sum
health
manifest
manifests.go
metrics
notifications
project
reference
registry
registry.go
releases
script
tags.go
testutil
uuid
vendor
version
",0
11,elastic_elasticsearch,"CONTRIBUTING.md
LICENSE.txt
NOTICE.txt
README.asciidoc
TESTING.asciidoc
Vagrantfile
benchmarks
build.gradle
buildSrc
client
dev-tools
distribution
docs
gradle
gradle.properties
gradlew
gradlew.bat
libs
licenses
modules
plugins
qa
rest-api-spec
server
settings.gradle
test
x-pack
",0
12,docker_docker-ce,"CHANGELOG.md
CONTRIBUTING.md
LICENSE
Makefile
README.md
VERSION
components
components.conf
",0
13,Kong_kong-mesh-dist-kubernetes,"Dockerfile.kong-config
Makefile
README.md
docker-entrypoint-kong-config.sh
servicea.yaml
serviceb.yaml
",0
14,scientificlinux_sl-docker,"README.md
sign-image.sh
sl.official
",0
15,RocketChat_Docker.Official.Image,"2
3
README.md
UPDATE.md
docker-compose.yml
functions.sh
generate-stackbrew-library.sh
update.sh
",0
16,mongo-express_mongo-express,"Dockerfile
HISTORY.md
README.md
app.js
config.default.js
lib
manifest.yml
package.json
patches
public
test
webpack.config.js
yarn.lock
",0
17,docker-library_official-images,"Dockerfile
LICENSE
MAINTAINERS
NEW-IMAGE-CHECKLIST.md
README.md
_bashbrew-cat-sorted.sh
bashbrew-version
diff-pr.sh
heavy-hitters.txt
library
naughty-commits.sh
naughty-constraints.sh
naughty-from.sh
test
test-pr.sh
toc.sh
",0
18,fluent_fluentd,"ADOPTERS.md
AUTHORS
CHANGELOG.md
CONTRIBUTING.md
GOVERNANCE.md
Gemfile
GithubWorkflow.md
LICENSE
MAINTAINERS.md
README.md
Rakefile
appveyor.yml
bin
code-of-conduct.md
docs
example
fluent.conf
fluentd.gemspec
lib
templates
test
",0
19,percona_percona-docker,"LICENSE
README.md
build_scripts
haproxy
percona-distribution-postgresql-11
percona-distribution-postgresql-12
percona-server-5.6
percona-server-5.7
percona-server-8.0
percona-server-group-replication-5.7
percona-server-master-slave
percona-server-mongodb
percona-server-mongodb-3.2
percona-server-mongodb-3.4
percona-server-mongodb-3.6
percona-server-mongodb-4.0
percona-server-mongodb-4.2
percona-server-mongodb-4.4
percona-toolkit
percona-xtrabackup-2.3
percona-xtrabackup-2.4
percona-xtrabackup-8.0
percona-xtradb-cluster-5.6
percona-xtradb-cluster-5.7
percona-xtradb-cluster-5.7-backup
percona-xtradb-cluster-8.0
percona-xtradb-cluster-8.0-backup
proxysql
test
",0
20,cloudbees_jenkins-ci.org-docker,"CHANGELOG.md
CONTRIBUTING.md
Dockerfile
Dockerfile-alpine
Dockerfile-centos
Dockerfile-centos7
Dockerfile-jdk11
Dockerfile-openj9
Dockerfile-openj9-jdk11
Dockerfile-slim
HACKING.adoc
Jenkinsfile
LICENSE.txt
Makefile
README.md
docker-compose.yml
install-plugins.sh
jenkins-plugin-cli.sh
jenkins-support
jenkins.sh
multiarch
plugins.sh
tests
tini-shim.sh
tini_pub.gpg
tools
",0
21,orientechnologies_orientdb,"Jenkinsfile
Jenkinsfile-crash.groovy
Jenkinsfile-distributed.groovy
Jenkinsfile.PREV
Jenkinsfile_coverage
OrientDB_logo.svg
README.md
_base
client
core
distributed
distributed-v2
distribution
distribution-tp2
etl
graphdb
history.txt
javassist
jdbc
license.txt
lucene
mvnw
mvnw.cmd
object
pom.xml
readme.txt
server
test-commons
tests
tools
upgrade.txt
",0
22,nats-io_nats-streaming-docker,"0.18.0
LICENSE
README.md
tests
update-server-version.sh
",0
23,sgerrand_docker-glibc-builder,"Dockerfile
README.md
builder
configparams
",0
24,Senzing_senzing-package,"CHANGELOG.md
CODE_OF_CONDUCT.md
CONTRIBUTING.md
Dockerfile
LICENSE
Makefile
PULL_REQUEST_TEMPLATE.md
README.md
docker-compose.test.yml
docs
hooks
requirements.txt
rootfs
senzing-package.py
",0
25,nodejs_docker-iojs,"1.8
2.5
3.3
GOVERNANCE.md
LICENSE
README.md
generate-stackbrew-library.sh
update.sh
",0
26,caddyserver_caddy,"AUTHORS
LICENSE
README.md
admin.go
admin_test.go
caddy.go
caddy_test.go
caddyconfig
caddytest
cmd
context.go
context_test.go
go.mod
go.sum
listeners.go
listeners_fuzz.go
listeners_test.go
logging.go
modules
modules.go
modules_test.go
replacer.go
replacer_fuzz.go
replacer_test.go
sigtrap.go
sigtrap_nonposix.go
sigtrap_posix.go
storage.go
usagepool.go
",0
27,docker_notary-official-images,"README.md
notary-server
notary-signer
",0
28,znc_znc,"CMakeLists.txt
CONTRIBUTING.md
ChangeLog.md
Dockerfile
Doxyfile
Jenkinsfile
LICENSE
NOTICE
README.md
TRANSLATORS.md
ZNCConfig.cmake.in
cmake
configure
configure.sh
docker
include
make-tarball.sh
man
modules
src
test
third_party
translation_pot.py
translations
webskins
znc-buildmod.cmake.in
znc.pc.cmake.in
znc.service.in
zz_msg
",0
29,nodejs_docker-node,"10
12
14
ACTIVE_MAINTAINERS
CONTRIBUTING.md
Dockerfile-alpine.template
Dockerfile-debian.template
Dockerfile-slim.template
GOVERNANCE.md
LICENSE
README.md
SECURITY.md
architectures
config
docker-entrypoint.sh
docs
functions.sh
generate-stackbrew-library.sh
generate-stackbrew-pr.sh
keys
test-build.sh
test-image.bats
travis.yml.template
update-keys.sh
update.sh
",1
30,docker_doodle,"README.md
birthday2019
cheers2019
halloween2019
summer2019
",0
31,Yelp_dumb-init,"CONTRIBUTING.md
Dockerfile
LICENSE
MANIFEST.in
Makefile
README.md
VERSION
VERSION.h
ci
circle.yml
debian
dumb-init.c
pytest.ini
requirements-dev.txt
setup.py
testing
tests
tox.ini
",0
32,CentOS_sig-cloud-instance-images,"README.md
docker
",0
33,docker-library_ruby,"2.5
2.6
2.7
Dockerfile-alpine.template
Dockerfile-debian.template
Dockerfile-slim.template
LICENSE
README.md
generate-stackbrew-library.sh
update.sh
",1
34,friendica_friendica,"CHANGELOG
CREDITS.txt
Doxyfile
LICENSE
README.md
VERSION
Vagrantfile
autotest.sh
bin
boot.php
build.xml
composer.json
composer.lock
config
database.sql
doc
docblox.dist.xml
friendica_test_data.sql
images
include
index.php
library
mod
mods
ruleset.xml
spec
src
static
tests
update.php
view
",0
35,apache_flink-docker,"1.10
1.11
LICENSE
README.md
generate-stackbrew-library-docker.sh
generate-stackbrew-library.sh
",0
36,cpuguy83_docker-jruby,"9000
LICENSE.md
README.md
update.sh
",0
37,rapidoid_docker-rapidoid,"Dockerfile
README.md
entrypoint.sh
",0
38,portworx_px-dev,"README.md
build
build-dev
cli_reference.md
conf
examples
faq.md
images
install_run_coreos.md
install_run_rhel.md
install_run_ubuntu.md
install_with_compose.md
install_with_k8s.md
install_with_mesosphere.md
quick-start
run_with_rancher.md
using_shared_volumes.md
",0
39,Kong_docker-kong,"LICENSE
Makefile
README.md
alpine
bintray-release.sh
centos
compose
customize
rhel
submit.sh
tests.sh
ubuntu
update.sh
",0
40,wasdev_ci.docker,"LICENSE
README.md
SECURITY.md
beta
ga
samples
test
tools
",0
41,influxdata_kapacitor,"BLOB_STORE_DESIGN.md
CHANGELOG.md
CONTRIBUTING.md
DESIGN.md
Dockerfile_build_ubuntu32
Dockerfile_build_ubuntu64
Gopkg.lock
Gopkg.toml
LICENSE
LICENSE_OF_DEPENDENCIES.md
README.md
alert
alert.go
auth
autoscale.go
barrier.go
batch.go
bufpool
build.py
build.sh
change_detect.go
circle-test.sh
circle.yml
client
clock
cmd
combine.go
combine_test.go
command
default.go
delete.go
derivative.go
doc.go
edge
edge.go
etc
eval.go
examples
expr.go
expvar
flatten.go
gobuild.sh
group_by.go
http
http_out.go
http_post.go
influxdb
influxdb_out.go
influxql.gen.go
influxql.gen.go.tmpl
influxql.go
integrations
join.go
kapacitor_loopback.go
keyvalue
list-deps
listmap
log.go
metaclient.go
models
node.go
noop.go
output.go
pipeline
query.go
query_test.go
replay.go
result.go
sample.go
scripts
server
services
shift.go
sideload.go
state_tracking.go
stats.go
stream.go
task.go
task_master.go
template.go
test.sh
tick
tickdoc.conf
timer
tlsconfig
tmpldata.json
udf
udf.go
udf_test.go
union.go
update_tick_docs.sh
usr
uuid
vendor
waiter
where.go
window.go
window_test.go
",0
42,arangodb_arangodb-docker,"Dockerfile33.local
Dockerfile33.templ
Dockerfile34.templ
Dockerfile35.templ
LICENSE
README-short.txt
README.md
addversion.sh
alpine
build_docker_library_file.sh
docker-entrypoint33.sh
docker-entrypoint34.sh
logo.png
mapVersions.txt
stretch
test-user-scripts
",0
43,rust-lang-nursery_docker-rust,"1.46.0
Dockerfile-alpine.template
Dockerfile-debian.template
Dockerfile-slim.template
README.md
x.py
",1
44,eggheads_eggdrop-docker,"1.6
1.8
README.md
develop
",0
45,kaazing_gateway.docker,"CHANGELOG.md
CONTRIBUTING.md
Dockerfile
LICENSE.txt
README.md
",0
46,YOURLS_YOURLS,"CHANGELOG.md
LICENSE
README.md
admin
composer.json
composer.lock
css
images
includes
js
phpunit-travis.xml.dist
phpunit.xml.dist
readme.html
sample-public-api.txt
sample-public-front-page.txt
sample-remote-api-call.txt
sample-robots.txt
tests
user
yourls-api.php
yourls-go.php
yourls-infos.php
yourls-loader.php
",0
47,xwiki-contrib_docker-xwiki,"11
12
LICENSE
README.md
build.gradle
contrib
docker-compose-mysql.yml
docker-compose-postgres.yml
gradle
gradlew
gradlew.bat
template
",0
48,jwilder_nginx-proxy,"Dockerfile
Dockerfile.alpine
LICENSE
Makefile
Procfile
README.md
dhparam.pem.default
docker-compose-separate-containers.yml
docker-compose.yml
docker-entrypoint.sh
generate-dhparam.sh
network_internal.conf
nginx.tmpl
test
",0
49,apple_swift-docker,"3.1
4.0
4.1
4.2
5.0
5.1
5.2
CODE_OF_CONDUCT.md
LICENSE.md
PROJECT.md
README.md
ci_test.py
docs
nightly-5.2
nightly-5.3
nightly-master
swift-ci
",0
50,docker-library_hello-world,"Dockerfile-linux.template
Dockerfile-windows.template
Dockerfile.build
LICENSE
Makefile
README.md
amd64
arm32v5
arm32v7
arm64v8
generate-stackbrew-library.sh
greetings
hello.c
i386
mips64le
ppc64le
s390x
update.sh
",1
51,brianmario_mysql2,"CHANGELOG.md
Gemfile
LICENSE
README.md
Rakefile
appveyor.yml
benchmark
examples
ext
lib
mysql2.gemspec
script
spec
support
tasks
",0
52,cirros-dev_cirros,"ChangeLog
Makefile
README.md
TODO
bin
conf
doc
fixup-fs
lxd-meta
makedevs.list
patches-buildroot
src
",0
53,docker-library_repo-info,"Dockerfile.local
Dockerfile.remote
LICENSE
README.md
generate-readme.sh
repos
scan-local.sh
update-remote.sh
",0
54,blockbridge_blockbridge-kubernetes,"README.md
README.v0.2.0.md
",0
55,vrana_adminer,"adminer
changes.txt
compile.php
composer.json
coverage.php
designs
editor
externals
lang.php
plugins
readme.txt
tests
todo.txt
",0
56,Lightstreamer_Docker,"6.0
6.1
7.0
7.1
LICENSE
README.md
",0
57,cruxlinux_docker-crux,"CONTRIBUTING.md
Dockerfile
LICENSE
Makefile
README.rst
build
release
",0
58,OpenLiberty_open-liberty,"CONTRIBUTING.md
LICENSE
README.md
cla
dev
images
logos
",0
59,convertigo_docker,"7.4
7.5
LICENSE
README.md
compose
",0
60,influxdata_influxdata-docker,"Jenkinsfile
Jenkinsfile.nightly
chronograf
circle-test.sh
dockerlib
go.mod
go.sum
influxdb
kapacitor
telegraf
",0
61,fedora-cloud_docker-brew-fedora,"Dockerfile.j2
LICENSE
README.md
requirements.txt
tasks.py
tox.ini
",0
62,krallin_tini,"CMakeLists.txt
Dockerfile
LICENSE
README.md
ci
ddist.sh
dtest.sh
run_tests.sh
sign.key.enc
src
test
tpl
",0
63,hashicorp_vault,"CHANGELOG.md
CONTRIBUTING.md
LICENSE
Makefile
README.md
api
audit
builtin
command
go.mod
go.sum
helper
http
internalshared
main.go
main_test.go
make.bat
packages-oss.lock
packages-oss.yml
physical
plugins
scripts
sdk
serviceregistration
shamir
terraform
tools
ui
vault
vendor
website
",0
64,docker-library_mariadb,"10.1
10.2
10.3
10.4
10.5
Dockerfile.template
LICENSE
README.md
docker-entrypoint.sh
generate-stackbrew-library.sh
update.sh
",1
65,SWI-Prolog_docker-swipl,"7.5.11
7.5.12
7.5.13
7.5.14
7.5.15
7.6.0
7.6.3
7.6.4
7.7.0
7.7.1
7.7.10
7.7.11
7.7.12
7.7.13
7.7.14
7.7.16
7.7.17
7.7.18
7.7.19
7.7.2
7.7.20
7.7.21
7.7.22
7.7.25
7.7.4
7.7.5
7.7.7
7.7.8
7.7.9
8.0.0
8.0.3
8.1.0
8.1.1
8.1.12
8.1.15
8.1.16
8.1.2
8.1.30
8.1.4
8.1.5
8.1.6
8.1.8
8.2.0
LICENCE
README.md
build
test.pl
test.sh
",0
66,caddyserver_dist,"README.md
archlinux
config
init
packer
rpm
scripts
welcome
",0
67,dotcloud_hipache,"AUTHORS
CONTRIBUTING.md
Dockerfile
LICENSE
README.md
bin
config
gulpfile.js
lib
package.json
static
test
upstart.conf
",0
68,SAP_SapMachine,"ADDITIONAL_LICENSE_INFO
ASSEMBLY_EXCEPTION
CONTRIBUTING.md
LICENSE
Makefile
README.md
bin
configure
doc
make
src
test
",0
69,docker_swarm,"CHANGELOG.md
CONTRIBUTING.md
Dockerfile
LICENSE.code
LICENSE.docs
MAINTAINERS
README.md
RELEASE-CHECKLIST.md
api
cli
cluster
discovery
docs
experimental
logo.png
main.go
scheduler
script
swarmclient
test
vendor
vendor.conf
version
",0
70,31z4_storm-docker,"1.1.3
1.2.3
2.2.0
LICENSE
README.md
",0
71,tianon_docker-bash,"3.0
3.1
3.2
4.0
4.1
4.2
4.3
4.4
5.0
5.1-rc
Dockerfile.template
LICENSE
README.md
apply-templates.sh
devel
docker-entrypoint.sh
generate-stackbrew-library.sh
update.sh
versions.json
versions.sh
",1
72,hipache_hipache,"AUTHORS
CONTRIBUTING.md
Dockerfile
LICENSE
README.md
bin
config
gulpfile.js
lib
package.json
static
test
upstart.conf
",0
73,varnish_docker-varnish,"README.md
docker-varnish-entrypoint
fresh
populate.sh
stable
",0
74,tianon_gosu,"Dockerfile
Dockerfile.test-alpine
Dockerfile.test-debian
INSTALL.md
LICENSE
README.md
build.sh
go.mod
go.sum
main.go
setup-user.go
sign.sh
test.sh
version.go
",0
75,Nexenta_nexentastor-csi-driver,"CHANGELOG.md
Dockerfile
Dockerfile.csi-sanity
Dockerfile.pre-release
Dockerfile.tests
Jenkinsfile
LICENSE
Makefile
README.md
cmd
deploy
examples
go.mod
go.sum
pkg
tests
",0
76,docker-library_django,"2.7
3.4
LICENSE
README.md
generate-stackbrew-library.sh
update.sh
",0
77,perl6_docker,"Dockerfile
LICENSE
README-short.txt
README.md
alpine
logo.png
",0
78,nats-io_nats-streaming-server,"CODE-OF-CONDUCT.md
GOVERNANCE.md
LICENSE
MAINTAINERS.md
README.md
TODO.md
go.mod
go.sum
logger
nats-streaming-server.go
scripts
server
spb
stores
test
util
vendor
",0
79,rakudo_star,"LICENSE
README.md
bin
etc
lib
",0
80,openSUSE_kiwi,"LICENSE
Makefile
README.rst
doc
editing
kiwi
kiwi.pl
locale
metadata
modules
pxeboot
rpm
system
template
tests
tools
xsl
",0
81,aws_amazon-linux-docker-images,,0
82,docker-library_wordpress,"Dockerfile-alpine.template
Dockerfile-cli.template
Dockerfile-debian.template
LICENSE
README.md
apache-extras.template
cli-entrypoint.sh
docker-entrypoint.sh
generate-stackbrew-library.sh
php7.2
php7.3
php7.4
update.sh
",1
83,oracle_container-images,"CHANGELOG.md
LICENSE
README-short.txt
README.md
logo.png
",0
84,apache_zookeeper,"Jenkinsfile
Jenkinsfile-PreCommit
LICENSE.txt
NOTICE.txt
README.md
README_packaging.md
bin
checkstyle-simple.xml
checkstyle-strict.xml
checkstyleSuppressions.xml
conf
dev
excludeFindBugsFilter.xml
owaspSuppressions.xml
pom.xml
tools
zk-merge-pr.py
zookeeper-assembly
zookeeper-client
zookeeper-compatibility-tests
zookeeper-contrib
zookeeper-docs
zookeeper-it
zookeeper-jute
zookeeper-metrics-providers
zookeeper-recipes
zookeeper-server
",0
85,varnishcache_varnish-cache,"CONTRIBUTING
ChangeLog
INSTALL
LICENSE
Makefile.am
README.Packaging
README.rst
autogen.des
autogen.sh
bin
configure.ac
doc
etc
flint.lnt
include
lib
m4
man
tools
varnish-legacy.m4
varnish.m4
varnishapi-uninstalled.pc.in
varnishapi.pc.in
vtc.am
",0
86,cloudfoundry_java-buildpack,"CONTRIBUTING.md
Gemfile
Gemfile.lock
LICENSE
NOTICE
README.md
Rakefile
bin
ci
config
docs
java-buildpack.iml
lib
rakelib
resources
spec
",0
87,couchbase_docker,"README.md
community
compose
enterprise
generate
",0
88,zendtech_php-zendserver-docker,"2019.0
8.5
9.1
README.md
compose_examples
nightly
nothing-src
",0
89,docker-library_pypy,"2.7
3.6
Dockerfile-slim.template
Dockerfile.template
LICENSE
README.md
generate-stackbrew-library.sh
release-architectures
update.sh
",1
90,influxdata_influxdb,"CHANGELOG.md
CONTRIBUTING.md
DEVELOPMENT.md
Dockerfile
FUZZ.md
LICENSE
Makefile
README.md
SECURITY.md
api-compat.Jenkinsfile
appveyor.yml
auth.go
authorization
authorizer
authz.go
authz_test.go
backup.go
bolt
bucket.go
build.go
check.go
checks
chronograf
cmd
context
crud_log.go
dashboard.go
dashboard_test.go
dbrp
dbrp_mapping.go
dbrp_mapping_internal_test.go
dbrp_mapping_test.go
delete.go
docker
docs
document.go
duration.go
e2e
endpoints
env
error.go
errors.go
errors.md
errors_test.go
etc
flags.yml
flux
gather
go.mod
go.sum
http
id.go
id_test.go
influxql
inmem
internal
jsonweb
keyvalue_log.go
kit
kv
label
label.go
label_test.go
logger
lookup.go
measurement.go
mock
models
nats
notification
notification.go
notification_endpoint.go
onboarding.go
operation_log.go
organization.go
paging.go
passwords.go
pkg
pkger
predicate
prometheus
query
query.go
rand
resource
scraper.go
scripts
secret
secret.go
secret_test.go
semaphore.go
session
session.go
snowflake
source
source.go
status.go
storage
tag.go
tag_test.go
task
task.go
task_errors.go
task_test.go
telegraf
telegraf.go
telegraf_test.go
telemetry
tenant
tenant.go
testing
token.go
toml
tools
tools.go
tsdb
ui
usage.go
user.go
user_resource_mapping.go
user_resource_mapping_test.go
uuid
v1
variable.go
variable_test.go
vault
write
write.go
xcc.sh
zap
",0
91,docker-library_redis,"5.0
6.0
Dockerfile-alpine.template
Dockerfile.template
LICENSE
README.md
generate-stackbrew-library.sh
old-protected-mode-sed.template
update.sh
",1
92,HaxeFoundation_docker-library-haxe,"3.1
3.2
3.3
3.4
4.0
4.1
Dockerfile-alpine3.10.template
Dockerfile-alpine3.11.template
Dockerfile-alpine3.12.template
Dockerfile-alpine3.9.template
Dockerfile-buster.template
Dockerfile-nanoserver.template
Dockerfile-stretch.template
Dockerfile-windowsservercore-1809.template
Dockerfile-windowsservercore-ltsc2016.template
GenerateStackbrewLibrary.hx
LICENSE
README.md
Update.hx
appveyor.yml
azure-pipelines-steps.yml
azure-pipelines.yml
generate-stackbrew-library.hxml
update.hxml
",1
93,postgis_docker-postgis,"10-2.5
10-3.0
11-2.5
11-3.0
12-2.5
12-3.0
12-master
13-3.0
13-master
9.5-2.5
9.5-3.0
9.6-2.5
9.6-3.0
AUTHORS
Dockerfile.alpine.template
Dockerfile.master.template
Dockerfile.template
LICENSE
Makefile
README.md
initdb-postgis.sh
test
update-postgis.sh
update.sh
",1
94,container-storage-interface_spec,"CCLA.pdf
CONTRIBUTING.md
LICENSE
Makefile
OWNERS
README.md
VERSION
csi.proto
lib
logo.png
spec.md
",0
95,idno_Known-docker,"Dockerfile
LICENSE
README.md
docker-entrypoint.sh
generate-stackbrew-library.sh
update.sh
",0
96,moby_moby,"AUTHORS
CHANGELOG.md
CONTRIBUTING.md
Dockerfile
Dockerfile.buildx
Dockerfile.e2e
Dockerfile.simple
Dockerfile.windows
Jenkinsfile
LICENSE
MAINTAINERS
Makefile
NOTICE
README.md
ROADMAP.md
SECURITY.md
TESTING.md
VENDORING.md
api
builder
cli
client
cmd
codecov.yml
container
contrib
daemon
distribution
dockerversion
docs
errdefs
hack
image
integration
integration-cli
internal
layer
libcontainerd
moby_test.txt
oci
opts
patches
pkg
plugin
poule.yml
profiles
project
reference
registry
reports
restartmanager
rootless
runconfig
testutil
vendor
vendor.conf
volume
",0
97,c0b_docker-elixir,"1.10
1.2
1.3
1.4
1.5
1.6
1.7
1.8
1.9
README.md
generate-stackbrew-library.sh
master
",0
98,influxdata_chronograf,"CHANGELOG.md
CONTRIBUTING.md
Dockerfile
LICENSE
LICENSE_OF_DEPENDENCIES.md
Makefile
README.md
agpl-3.0.md
canned
chronograf.go
cmd
dist
docs
enterprise
etc
filestore
flux
go.mod
go.sum
id
influx
kapacitor
kapacitor.go
kv
log
memdb
mocks
multistore
noop
oauth2
organizations
protoboards
roles
server
snowflake
ui
",0
99,rethinkdb_rethinkdb-dockerfiles,"CODE_OF_CONDUCT.md
CONTRIBUTING.md
LICENSE
README.md
bionic
buster
centos7
centos8
cut-new-release.sh
disco
eoan
focal
jessie
stretch
trusty
xenial
",0
100,YOURLS_docker-yourls,"Dockerfile.template
LICENSE
README.md
apache
config-docker.php
docker-entrypoint.sh
fpm
fpm-alpine
generate-stackbrew-library.sh
update.sh
yourls.vhost
",1
101,vmware_photon,"AUTHORS.md
CHANGELOG.md
COPYING
CREDITS
Dockerfile
LICENSE.md
Makefile
NOTICE-Apachev2
NOTICE-GPL2.0
PUBLISHRPMS_SPECS
README.md
SPECS
Vagrantfile
build.py
common
config.json
contributing.md
docs
index.html
installer
photon-build-config.txt
support
tools
",0
102,mlocati_docker-php-extension-installer,"Dockerfile
LICENSE
README.md
composer.json
data
install-php-extensions
scripts
",0
103,nextcloud_docker,"17.0
18.0
19.0
20.0-beta
CODE_OF_CONDUCT.md
Dockerfile-alpine.template
Dockerfile-debian.template
LICENSE.md
README.md
docker-cron.sh
docker-entrypoint.sh
generate-stackbrew-library.sh
latest.txt
logo.svg
stack.yml
update.sh
upgrade.exclude
",1
104,php-pm_php-pm,"LICENSE
README.md
bin
composer.json
phpstan.neon.dist
phpunit.xml.dist
src
tests
",0
105,fsharp_fsharp,"CHANGELOG-fsharp.md
CHANGELOG-visualfsharp.md
CONTRIBUTING.md
FSharp.Compiler.Tools.Nuget
FSharp.sln
ISSUE_TEMPLATE.md
LICENSE
License.txt
Makefile
NuGet.Config
README.md
RoslynPackageVersion.txt
appveyor.yml
attributions.md
build
build-everything.proj
build-nuget-packages.proj
build.bat
lib
mono
packages.config
src
tests
verify-translations.cmd
",0
106,orientechnologies_orientdb-docker,"2.0
2.1
2.2
2.2-spatial
3.0
3.0-spatial
3.0-tp3
LICENSE
README.md
examples
kubernetes
logo.png
release
",0
107,matomo-org_docker,"Dockerfile-alpine.template
Dockerfile-debian.template
README.md
apache
docker-entrypoint.sh
fpm
fpm-alpine
generate-stackbrew-library.sh
license.md
php.ini
update.sh
",1
108,rails_rails,"Brewfile
CODE_OF_CONDUCT.md
CONTRIBUTING.md
Gemfile
Gemfile.lock
MIT-LICENSE
RAILS_VERSION
README.md
RELEASING_RAILS.md
Rakefile
actioncable
actionmailbox
actionmailer
actionpack
actiontext
actionview
activejob
activemodel
activerecord
activestorage
activesupport
ci
guides
package.json
rails.gemspec
railties
tasks
tools
version.rb
yarn.lock
",0
109,docker-library_celery,"3.1
4.0
Dockerfile.template
LICENSE
README.md
generate-stackbrew-library.sh
update.sh
",1
110,crate_crate,,0
111,alt-cloud_docker-brew-alt,"Dockerfile
LICENSE
README.md
gen-apt-files.sh
prep-docker-brew-branch.sh
update.sh
",0
112,TimWolla_docker-adminer,"4
README.md
generate-stackbrew-library.sh
update.sh
",0
113,debuerreotype_docker-debian-artifacts,,0
114,docker-library_buildpack-deps,"Dockerfile-curl.template
Dockerfile-scm.template
Dockerfile.template
LICENSE
README.md
apply-templates.sh
debian
generate-stackbrew-library.sh
ubuntu
update.sh
versions.json
versions.sh
",1
115,tianon_docker-brew-cirros,"LICENSE
README.md
download.sh
generate-stackbrew-library.sh
",0
116,docker-flink_docker-flink,"1.8
1.9
Dockerfile-debian.template
LICENSE
README.md
add-version.sh
docker-entrypoint.sh
generate-stackbrew-library.sh
testing
",1
117,SonarSource_docker-sonarqube,"7
8
CONTRIBUTING.md
LICENSE
NOTICE.txt
README.md
build-and-run.sh
develop.md
example-compose-files
examples.md
run-public-image-tests.sh
run-tests.sh
",0
118,docker-library_redmine,"4.0
4.1
Dockerfile-alpine.template
Dockerfile-debian.template
Dockerfile-passenger.template
LICENSE
README.md
docker-entrypoint.sh
generate-stackbrew-library.sh
update.sh
",1
119,ibmruntimes_ci.docker,"LICENSE
Makefile
README.md
ibmjava
",0
120,elastic_kibana,"CONTRIBUTING.md
FAQ.md
Gruntfile.js
Jenkinsfile
LICENSE.txt
NOTICE.txt
README.md
STYLEGUIDE.md
TYPESCRIPT.md
api-documenter.json
common
config
data
docs
examples
github_checks_reporter.json
kibana.d.ts
licenses
package.json
packages
preinstall_check.js
renovate.json5
rfcs
scripts
src
tasks
test
tsconfig.base.json
tsconfig.browser.json
tsconfig.json
tsconfig.refs.json
tsconfig.types.json
typings
utilities
vars
x-pack
yarn.lock
",0
121,hashicorp_docker-consul,"0.X
LICENSE
README.md
",0
122,docker-library_postgres,"10
11
12
13
9.5
9.6
AUTHORS
Dockerfile-alpine.template
Dockerfile-debian.template
LICENSE
README.md
docker-entrypoint.sh
generate-stackbrew-library.sh
update.sh
",1
123,mongodb_mongo,"CONTRIBUTING.rst
CreativeCommons.txt
LICENSE-Community.txt
README
README.third_party.md
SConstruct
buildscripts
debian
distsrc
docs
etc
jstests
pytests
rpm
site_scons
src
",0
124,Perl_docker-perl,"5.008.009-main,threaded-jessie
5.008.009-main-jessie
5.008.009-slim,threaded-jessie
5.008.009-slim-jessie
5.010.001-main,threaded-jessie
5.010.001-main-jessie
5.010.001-slim,threaded-jessie
5.010.001-slim-jessie
5.012.005-main,threaded-jessie
5.012.005-main-jessie
5.012.005-slim,threaded-jessie
5.012.005-slim-jessie
5.014.004-main,threaded-jessie
5.014.004-main-jessie
5.014.004-slim,threaded-jessie
5.014.004-slim-jessie
5.016.003-main,threaded-jessie
5.016.003-main-jessie
5.016.003-slim,threaded-jessie
5.016.003-slim-jessie
5.018.004-main,threaded-jessie
5.018.004-main-jessie
5.018.004-slim,threaded-jessie
5.018.004-slim-jessie
5.020.003-main,threaded-stretch
5.020.003-main-stretch
5.020.003-slim,threaded-stretch
5.020.003-slim-stretch
5.022.004-main,threaded-stretch
5.022.004-main-stretch
5.022.004-slim,threaded-stretch
5.022.004-slim-stretch
5.024.004-main,threaded-stretch
5.024.004-main-stretch
5.024.004-slim,threaded-stretch
5.024.004-slim-stretch
5.026.003-main,threaded-buster
5.026.003-main,threaded-stretch
5.026.003-main-buster
5.026.003-main-stretch
5.026.003-slim,threaded-buster
5.026.003-slim,threaded-stretch
5.026.003-slim-buster
5.026.003-slim-stretch
5.028.003-main,threaded-buster
5.028.003-main,threaded-stretch
5.028.003-main-buster
5.028.003-main-stretch
5.028.003-slim,threaded-buster
5.028.003-slim,threaded-stretch
5.028.003-slim-buster
5.028.003-slim-stretch
5.030.003-main,threaded-buster
5.030.003-main,threaded-stretch
5.030.003-main-buster
5.030.003-main-stretch
5.030.003-slim,threaded-buster
5.030.003-slim,threaded-stretch
5.030.003-slim-buster
5.030.003-slim-stretch
5.032.000-main,threaded-buster
5.032.000-main,threaded-stretch
5.032.000-main-buster
5.032.000-main-stretch
5.032.000-slim,threaded-buster
5.032.000-slim,threaded-stretch
5.032.000-slim-buster
5.032.000-slim-stretch
LICENSE
README.md
config.yml
cpanfile
generate.pl
",0
125,docker-library_kibana,"6
7
Dockerfile.template
LICENSE
README.md
generate-stackbrew-library.sh
update.sh
",1
126,docker-library_tomcat,"10.0
7
8.5
9.0
Dockerfile-apt.template
Dockerfile-yum.template
LICENSE
README.md
generate-stackbrew-library.sh
update.sh
",1
127,docker-library_rabbitmq,"3.8
3.8-rc
Dockerfile-alpine.template
Dockerfile-management.template
Dockerfile-ubuntu.template
LICENSE
README.md
docker-entrypoint.sh
generate-stackbrew-library.sh
update.sh
",1
128,memcached_memcached,"AUTHORS
BUILD
CONTRIBUTING.md
COPYING
ChangeLog
Doxyfile
HACKING
LICENSE
LICENSE.bipbuffer
LICENSE.itoa_ljust
Makefile.am
NEWS
README.md
assoc.c
assoc.h
authfile.c
authfile.h
autogen.sh
bipbuffer.c
bipbuffer.h
cache.c
cache.h
configure.ac
crawler.c
crawler.h
crc32c.c
crc32c.h
daemon.c
devtools
doc
docker-compose.yml
extstore.c
extstore.h
freebsd_priv.c
globals.c
hash.c
hash.h
items.c
items.h
itoa_ljust.c
itoa_ljust.h
jenkins_hash.c
jenkins_hash.h
linux_priv.c
logger.c
logger.h
m4
memcached.c
memcached.h
memcached.spec.in
memcached_dtrace.d
murmur3_hash.c
murmur3_hash.h
openbsd_priv.c
proto_bin.c
proto_bin.h
proto_text.c
proto_text.h
protocol_binary.h
restart.c
restart.h
sasl_defs.c
sasl_defs.h
scripts
sizes.c
slab_automove.c
slab_automove.h
slab_automove_extstore.c
slab_automove_extstore.h
slabs.c
slabs.h
solaris_priv.c
stats_prefix.c
stats_prefix.h
storage.c
storage.h
t
testapp.c
thread.c
timedrun.c
tls.c
tls.h
trace.h
util.c
util.h
version.pl
version.sh
",0
129,jruby_jruby,"BSDL
BUILDING.md
CODE_OF_CONDUCT.md
COPYING
Gemfile
LEGAL
LICENSE.RUBY
README.md
Rakefile
SECURITY.md
VERSION
antlib
bench
bin
core
default.build.properties
findbugs.xml
install
ivy
lib
lifecycle-mapping-metadata.xml
maven
mvnw
mvnw.cmd
pom.rb
pom.xml
rakelib
samples
spec
test
tool
",0
130,nats-io_gnatsd,"CODE-OF-CONDUCT.md
GOVERNANCE.md
LICENSE
MAINTAINERS.md
README.md
ROADMAP.md
TODO.md
conf
doc
docker
go.mod
go.sum
internal
jetstream
logger
logos
main.go
scripts
server
test
util
vendor
",0
131,postfixadmin_postfixadmin,"ADDITIONS
CHANGELOG.TXT
DOCUMENTS
GPL-LICENSE.TXT
INSTALL.TXT
LICENSE.TXT
README.md
VIRTUAL_VACATION
check_mailpass_expiration.sh
common.php
composer.json
config.inc.php
configs
debian
functions.inc.php
index.php
languages
lib
model
password_expiration.sql
phpunit.xml
postfixadmin.my.cnf
psalm.xml
public
scripts
templates
tests
",0
132,convertigo_convertigo,"CHANGELOG.md
CHANGELOG.pre.7-6-0.md
CODE_OF_CONDUCT.md
README.md
build.gradle
changelog.gradle
convertigo-splash
convertigo-templates
docker
eclipse-base
eclipse-feature
eclipse-plugin-jxbrowser-linux64
eclipse-plugin-jxbrowser-mac
eclipse-plugin-jxbrowser-win64
eclipse-plugin-product
eclipse-plugin-studio
eclipse-repository
engine
gradle
gradle-plugin
gradle.properties
gradlew
gradlew.bat
headers.gradle
installers
license.txt
mkDockerLocal.sh
patches
placeholders
pom.xml
settings.gradle
",0
133,tomitribe_docker-tomee,"Dockerfile.template
README-short.txt
README.md
TomEE-7.0
TomEE-7.1
TomEE-8.0
create-server.sh
create-version.sh
create.sh
license.md
logo.png
",1
134,Quantisan_docker-clojure,"LICENSE
README.md
build-images.sh
clean.sh
deps.edn
src
target
test
test.sh
update.sh
",0
135,openSUSE_docker-containers-build,"README.md
manifest.header
",0
136,euleros_euleros-docker-images,,0
137,SAP_SapMachine-infrastructure,"LICENSE
NOTICE
README.md
cloud-infrastructure
debian-templates
dockerfiles
jenkins-job-generator
jenkins_configuration
lib
wix-templates
",0
138,containous_traefik-library-image,,0
139,docker-library_haproxy,"1.7
1.8
2.0
2.1
2.2
2.3-rc
Dockerfile-alpine.template
Dockerfile-debian.template
LICENSE
README.md
generate-stackbrew-library.sh
update.sh
",1
140,fluent_fluentd-docker-image,"Dockerfile.sample
Dockerfile.sample.old
Dockerfile.template.erb
LICENSE
MAINTAINING.md
Makefile
README.md
entrypoint.sh.erb
fluent.conf.erb
post_checkout.erb
post_push.erb
test
v0.12
v0.14
v1.0
v1.1
v1.10
v1.11
v1.2
v1.3
v1.4
v1.5
v1.6
v1.7
v1.8
v1.9
",1
141,kong_kong,"CHANGELOG.md
CODE_OF_CONDUCT.md
CONTRIBUTING.md
COPYRIGHT
DEVELOPER.md
Jenkinsfile
LICENSE
Makefile
README.md
UPGRADE.md
autodoc
bin
kong
kong-2.1.3-0.rockspec
kong.conf.default
scripts
spec
t
",0
142,containous_traefik,"CHANGELOG.md
CODE_OF_CONDUCT.md
CONTRIBUTING.md
Dockerfile
LICENSE.md
Makefile
README.md
SECURITY.md
build.Dockerfile
cmd
contrib
docs
exp.Dockerfile
generate.go
go.mod
go.sum
integration
internal
netlify.toml
pkg
script
tools.go
traefik.sample.toml
webui
",0
143,docker-library_php,"7.2
7.3
7.4
8.0-rc
Dockerfile-alpine.template
Dockerfile-apache-block-1.template
Dockerfile-apache-block-2.template
Dockerfile-debian.template
Dockerfile-fpm-block-1.template
Dockerfile-fpm-block-2.template
Dockerfile-zts-block-1.template
LICENSE
README.md
apache2-foreground
apply-templates.sh
docker-php-entrypoint
docker-php-ext-configure
docker-php-ext-enable
docker-php-ext-install
docker-php-source
generate-stackbrew-library.sh
update.sh
version-id.jq
versions.json
versions.sh
",1
144,crate_docker-crate,"CODE_OF_CONDUCT.md
CONTRIBUTING.rst
Dockerfile
Dockerfile.j2
Dockerfile_3.1.j2
Dockerfile_4.1.j2
LICENSE.txt
README.md
config
docker-entrypoint.sh
docker-entrypoint_3.1.sh
requirements.txt
setup.cfg
tests
update.py
",0
145,composer_docker,"1.10
1.9
2.0
LICENSE
README.md
generate-stackbrew-library.sh
",0
146,ahawkins_docker-thrift,"0.10
0.11
0.12
0.9
LICENSE.md
README.md
",0
147,docker-library_docker,"19.03
19.03-rc
Dockerfile-dind-rootless.template
Dockerfile-dind.template
Dockerfile-git.template
Dockerfile-windows-windowsservercore.template
Dockerfile.template
LICENSE
README.md
docker-entrypoint.sh
dockerd-entrypoint.sh
generate-stackbrew-library.sh
modprobe.sh
release-architectures
update.sh
",1
148,groovy_docker-groovy,"LICENSE
README.md
jdk11
jdk14
jdk8
jre11
jre14
jre8
test
update.ps1
update.sh
",0
149,znc_znc-docker,"README.md
full
slim
",0
150,WASdev_sample.servlet,"CONTRIBUTING.md
LICENSE
README.md
build.gradle
gradle
gradlew
gradlew.bat
pom.xml
settings.gradle
src
",0
151,docker_distribution-library-image,"Dockerfile.noarch
README.md
amd64
arm
arm64
config-example.yml
docker-entrypoint.sh
update.sh
",0
152,wikimedia_mediawiki-docker,"1.31
1.33
1.34
1.35
Dockerfile-alpine.template
Dockerfile-debian.template
LICENSE
README.md
dev
update.sh
",1
153,docker-library_gcc,"10
8
9
Dockerfile.template
LICENSE
README.md
generate-stackbrew-library.sh
update.sh
",1
154,TimWolla_docker-spiped,"1.6
README.md
generate-stackbrew-library.sh
",0
155,docker-library_rails,"Dockerfile
LICENSE
README.md
generate-stackbrew-library.sh
onbuild
update.sh
",0
156,nginxinc_docker-nginx-amplify,"Alpine
Dockerfile
LICENSE
README.md
conf.d
entrypoint.sh
",0
157,joomla_docker-joomla,"Dockerfile-alpine.template
Dockerfile-debian.template
LICENSE
README.md
docker-entrypoint.sh
generate-stackbrew-library.sh
makedb.php
php7.2
php7.3
php7.4
update.sh
",1
158,docker-library_drupal,"7
8.8
8.9
9.0
Dockerfile-7-alpine.template
Dockerfile-7-debian.template
Dockerfile-alpine.template
Dockerfile-debian.template
README.md
generate-stackbrew-library.sh
update.sh
",1
159,TeamSpeak-Systems_teamspeak-linux-docker-images,"LICENSE
README.md
alpine
",0
160,archlinux_archlinux-docker,,0
161,mongo-express_mongo-express-docker,"Dockerfile
LICENSE.md
README.md
build.sh
docker-compose.yml
docker-entrypoint.sh
generate-stackbrew-library.sh
logo.png
pull-request.md
run.sh
update.sh
",0
162,docker-solr_docker-solr,"5.5
6.6
7.7
8.0
8.1
8.2
8.3
8.4
8.5
8.6
Docker-FAQ.md
Dockerfile-varsolr.template
Dockerfile.template
LICENSE
README-short.txt
README.md
TAGS
docs
generate-stackbrew-library.sh
known_keys.txt
logo.png
scripts
scripts-before8
tests
tools
update.md
vagrant
",1
163,neo4j_docker-neo4j,"COPYRIGHT
DEVELOPMENT.md
LICENSE
Makefile
README.md
devenv
devenv.local.template
docker-image-src
make-arm64.mk
make-common.mk
neo4jlabs-plugins.json
pom.xml
src
",0
164,therealprologic_docker-crux,"CONTRIBUTING.md
Dockerfile
LICENSE
Makefile
README.rst
build
release
",0
165,fsprojects_docker-fsharp,"10.2.1
10.2.3
10.6.0
10.7.0
4.0.1.1
4.1.34
LICENSE
README.md
circle-test.sh
circle.yml
",0
166,docker-library_julia,"1.0
1.5
Dockerfile-alpine.template
Dockerfile-debian.template
Dockerfile-windowsservercore.template
LICENSE
README.md
generate-stackbrew-library.sh
release-architectures
update.sh
",1
167,docker-library_mongo,"3.6
4.0
4.2
4.4
Dockerfile-linux.template
Dockerfile-windows.template
LICENSE
README.md
docker-entrypoint.sh
generate-stackbrew-library.sh
gpg-keys.sh
gpg-keys.txt
update.sh
",1
168,docker_swarm-library-image,"Dockerfile
README.md
certs
swarm
swarm-unsupported.exe
tmp
update.sh
",0
169,tianon_docker-brew-ubuntu-core,"CONTRIBUTING.md
LICENSE
README.md
bionic
focal
generate-stackbrew-library.sh
gpg-fingerprint
groovy
latest
rolling
trusty
update.sh
verify.sh
xenial
",0
170,docker-library_docs,"Dockerfile
LICENSE
README.md
adminer
adoptopenjdk
aerospike
alpine
alt
amazoncorretto
amazonlinux
arangodb
archlinux
backdrop
bash
bonita
buildpack-deps
busybox
caddy
cassandra
centos
chronograf
cirros
clearlinux
clefos
clojure
composer
consul
convertigo
couchbase
couchdb
crate
crux
debian
docker
drupal
eclipse-mosquitto
eggdrop
elasticsearch
elixir
erlang
euleros
express-gateway
fedora
flink
fluentd
friendica
fsharp
gazebo
gcc
generate-repo-stub-readme.sh
geonetwork
ghost
golang
gradle
groovy
haproxy
haskell
haxe
hello-world
httpd
hylang
ibmjava
influxdb
irssi
jetty
jobber
joomla
jruby
julia
kaazing-gateway
kapacitor
kibana
known
kong
lightstreamer
logstash
mageia
mariadb
markdownfmt.sh
matomo
maven
mediawiki
memcached
mongo
mongo-express
monica
mono
mysql
nats
nats-streaming
neo4j
neurodebian
nextcloud
nginx
node
notary
nuxeo
odoo
open-liberty
openjdk
opensuse
oraclelinux
orientdb
parallel-update.sh
percona
perl
photon
php
php-zendserver
phpmyadmin
plone
postfixadmin
postgres
push.pl
push.sh
pypy
python
r-base
rabbitmq
rakudo-star
rapidoid
redis
redmine
registry
rethinkdb
rocket.chat
ros
ruby
rust
sapmachine
scratch
sentry
silverpeas
sl
solr
sonarqube
sourcemage
spiped
storm
swarm
swift
swipl
teamspeak
telegraf
thrift
tomcat
tomee
traefik
ubuntu
update.sh
varnish
vault
websphere-liberty
wordpress
xwiki
ymlfmt.sh
yourls
znc
zookeeper
",0
171,caddyserver_caddy-docker,"2.1
2.2
Dockerfile.builder.tmpl
Dockerfile.tmpl
Dockerfile.windows.tmpl
LICENSE
Makefile
README.md
fileCommit.sh
hooks
library
render-dockerfiles.tmpl
renovate.json
stackbrew-config.yaml
stackbrew.tmpl
",0
172,piwik_piwik,"CHANGELOG.md
CONTRIBUTING.md
DIObject.php
LEGALNOTICE
LICENSE
LegacyAutoloader.php
PRIVACY.md
README.md
SECURITY.md
composer.json
composer.lock
config
console
core
index.php
js
lang
libs
matomo.js
matomo.php
misc
node_modules
package-lock.json
package.json
piwik.js
piwik.php
plugins
tests
tmp
",0
173,alpinelinux_docker-alpine,"Dockerfile
LICENSE
README.adoc
docs
fetch-latest-releases.lua
prepare-branch.sh
tests
",0
174,jenkinsci_jenkins-ci.org-docker,"CHANGELOG.md
CONTRIBUTING.md
Dockerfile
Dockerfile-alpine
Dockerfile-centos
Dockerfile-centos7
Dockerfile-jdk11
Dockerfile-openj9
Dockerfile-openj9-jdk11
Dockerfile-slim
HACKING.adoc
Jenkinsfile
LICENSE.txt
Makefile
README.md
docker-compose.yml
install-plugins.sh
jenkins-plugin-cli.sh
jenkins-support
jenkins.sh
multiarch
plugins.sh
tests
tini-shim.sh
tini_pub.gpg
tools
",0
175,nginxinc_nginx-amplify-doc,"README.md
amplify-faq.md
amplify-guide.md
images
",0
176,plone_plone.docker,"4.3
5.0
5.1
5.2
CHANGES.md
LICENSE.txt
README.md
docs
",0
177,hashicorp_consul,"CHANGELOG.md
GNUmakefile
INTERNALS.md
LICENSE
NOTICE.md
README.md
Vagrantfile
acl
agent
api
bench
build-support
codecov.yml
command
connect
contributing
demo
go.mod
go.sum
internal
ipaddr
lib
logging
main.go
main_test.go
package-lock.json
proto
sdk
sentinel
service_os
snapshot
terraform
test
testrpc
tlsutil
types
ui-v2
vendor
version
website
",0
178,hashicorp_docker-vault,"0.X
LICENSE
README.md
",0
179,irssi_irssi,"AUTHORS
COPYING
INSTALL
Makefile.am
NEWS
README.md
TODO
autogen.sh
configure.ac
docs
fuzz-support
irssi-1.pc.in
irssi-icon.png
irssi.conf
m4
meson.build
meson_options.txt
scripts
src
subprojects
tests
themes
utils
",0
180,keeganwitt_docker-gradle,"LICENSE
README.md
jdk11
jdk14
jdk8
jre11
jre14
jre8
test
update.ps1
update.sh
",0
181,matomo-org_matomo,"CHANGELOG.md
CONTRIBUTING.md
DIObject.php
LEGALNOTICE
LICENSE
LegacyAutoloader.php
PRIVACY.md
README.md
SECURITY.md
composer.json
composer.lock
config
console
core
index.php
js
lang
libs
matomo.js
matomo.php
misc
node_modules
package-lock.json
package.json
piwik.js
piwik.php
plugins
tests
tmp
",0
182,rust-lang_docker-rust,"1.46.0
Dockerfile-alpine.template
Dockerfile-debian.template
Dockerfile-slim.template
README.md
x.py
",1
183,erlang_docker-erlang-otp,"17
18
19
20
21
22
23
LICENSE.txt
R15
R16
README.md
elixir
generate-stackbrew-library.sh
master
",0
184,Kong_kubernetes-ingress-controller,"CHANGELOG.md
CODEOWNERS
CODE_OF_CONDUCT.md
CONTRIBUTING.md
Dockerfile
LICENSE
MAINTAINERS.md
Makefile
README.md
cli
deploy
docs
go.mod
go.sum
hack
internal
pkg
",0
185,mono_docker,"6.10.0.104
6.8.0.123
CODE-OF-CONDUCT.md
README-short.txt
README.md
generate-stackbrew-library.sh
logo.png
",0
186,vaygr_docker-sourcemage,"README.md
gurus.gpg
stable
",0
187,neurodebian_dockerfiles,"README.md
dockerfiles
gen_dockerfiles
neurodebian
stackbrew
",0
188,commercialhaskell_stack,,0
189,dshearer_jobber-docker,"LICENSE
README.md
alpine3.7
",0
190,nuxeo_docker-nuxeo,"10.10
7.10
8.10
9.10
LICENSE
README.md
discover-ft
discover-lts
generate-stackbrew-library.sh
master
staging
templates
travis.template
update.py
",0
191,docker-library_owncloud,"10.0
9.1
Dockerfile.template
README.md
generate-stackbrew-library.sh
update.sh
",1
192,docker_compose,"CHANGELOG.md
CHANGES.md
CONTRIBUTING.md
Dockerfile
Jenkinsfile
LICENSE
MAINTAINERS
MANIFEST.in
README.md
Release.Jenkinsfile
SWARM.md
bin
compose
contrib
docker-compose-entrypoint.sh
docker-compose.spec
docker-compose_darwin.spec
docs
experimental
logo.png
project
pyinstaller
requirements-build.txt
requirements-dev.txt
requirements-indirect.txt
requirements.txt
script
setup.cfg
setup.py
tests
tox.ini
",0
193,docker-library_faq,"README.md
TODO.md
",0
194,juanluisbaptiste_docker-brew-mageia,"LICENSE
README.md
build2release
dist
mkimage-buildah.sh
mkimage.sh
",0
195,apple_swift,,0
196,ibm-messaging_mq-docker,"10-listener.mqsc
CHANGELOG.md
CLA.md
Dockerfile
LICENSE
README.md
admin.json
mq-configure-qmgr.sh
mq-create-qmgr.sh
mq-dev-config
mq-dev-config.sh
mq-docker-deprecated.jpg
mq-license-check.sh
mq-monitor-qmgr.sh
mq-parameter-check.sh
mq-pre-create-setup.sh
mq-start-qmgr.sh
mq-stop-container.sh
mq.sh
setup-mqm-web.sh
setup-var-mqm.sh
test
",0
197,appropriate_docker-jetty,"README.md
",0
198,Silverpeas_docker-silverpeas-prod,"Dockerfile
Dockerfile.template
LICENSE
README.md
build.sh
generate-docker-library.sh
generate-dockerfile.sh
src
",1
199,theupdateframework_notary,"CHANGELOG.md
CODE_OF_CONDUCT.md
CONTRIBUTING.md
CONTRIBUTORS
Dockerfile
Jenkinsfile
LICENSE
MAINTAINERS
MAINTAINERS.ALUMNI
MAINTAINERS_RULES.md
Makefile
NOTARY_VERSION
README.md
buildscripts
client
cmd
codecov.yml
const.go
const_nowindows.go
const_windows.go
cross.Dockerfile
cryptoservice
development.mysql.yml
development.postgresql.yml
development.rethink.yml
docker-compose.postgresql.yml
docker-compose.rethink.yml
docker-compose.yml
docs
escrow.Dockerfile
fips.go
fixtures
go.mod
go.sum
hooks
migrations
notary.go
notarysql
passphrase
proto
server
server.Dockerfile
server.minimal.Dockerfile
signer
signer.Dockerfile
signer.minimal.Dockerfile
storage
trustmanager
trustpinning
tuf
utils
vendor
version
",0
200,neo4j_docker-neo4j-publish,"2.3.0
2.3.1
2.3.10
2.3.11
2.3.12
2.3.2
2.3.3
2.3.4
2.3.5
2.3.6
2.3.7
2.3.8
2.3.9
3.0.0
3.0.1
3.0.10
3.0.11
3.0.12
3.0.2
3.0.3
3.0.4
3.0.5
3.0.6
3.0.7
3.0.8
3.0.9
3.1.0
3.1.0-BETA1
3.1.0-M03
3.1.0-M04
3.1.0-M05
3.1.0-M06
3.1.0-M07
3.1.0-M08
3.1.0-M09
3.1.0-M10
3.1.0-M12-beta2
3.1.0-M13-beta3
3.1.0-RC1
3.1.1
3.1.2
3.1.3
3.1.4
3.1.5
3.1.6
3.1.7
3.1.8
3.1.9
3.2.0
3.2.0-alpha01
3.2.0-alpha02
3.2.0-alpha03
3.2.0-alpha04
3.2.0-alpha05
3.2.0-alpha06
3.2.0-alpha07
3.2.0-alpha08
3.2.0-rc1
3.2.0-rc2
3.2.0-rc3
3.2.1
3.2.10
3.2.11
3.2.12
3.2.13
3.2.14
3.2.2
3.2.3
3.2.5
3.2.6
3.2.7
3.2.8
3.2.9
3.3.0
3.3.0-alpha01
3.3.0-alpha02
3.3.0-alpha03
3.3.0-alpha04
3.3.0-alpha05
3.3.0-alpha06
3.3.0-alpha07
3.3.0-beta01
3.3.0-beta02
3.3.0-rc1
3.3.1
3.3.2
3.3.3
3.3.4
3.3.5
3.3.6
3.3.7
3.3.8
3.3.9
3.4.0
3.4.0-alpha01
3.4.0-alpha02
3.4.0-alpha03
3.4.0-alpha04
3.4.0-alpha05
3.4.0-alpha06
3.4.0-alpha07
3.4.0-alpha08
3.4.0-alpha09
3.4.0-beta01
3.4.0-beta02
3.4.0-rc01
3.4.0-rc02
3.4.1
3.4.10
3.4.11
3.4.12
3.4.13
3.4.14
3.4.15
3.4.16
3.4.17
3.4.18
3.4.2
3.4.3
3.4.4
3.4.5
3.4.6
3.4.7
3.4.8
3.4.9
3.5.0
3.5.0-alpha01
3.5.0-alpha02
3.5.0-alpha04
3.5.0-alpha05
3.5.0-alpha06
3.5.0-alpha07
3.5.0-alpha08
3.5.0-alpha09
3.5.0-beta01
3.5.0-beta02
3.5.0-beta03
3.5.0-rc01
3.5.1
3.5.10
3.5.11
3.5.12
3.5.13
3.5.14
3.5.15
3.5.16
3.5.17
3.5.18
3.5.19
3.5.2
3.5.20
3.5.21
3.5.22
3.5.3
3.5.4
3.5.5
3.5.6
3.5.7
3.5.8
3.5.9
4.0.0
4.0.0-rc01
4.0.1
4.0.2
4.0.3
4.0.4
4.0.5
4.0.6
4.0.7
4.0.8
4.1.0
4.1.1
COPYRIGHT
LICENSE
README.md
publish
",0
201,ibm-messaging_mq-container,"CHANGELOG.md
CLA.md
Dockerfile-server
Dockerfile-server.cover
LICENSE
Makefile
NOTICES.txt
README.md
cmd
docs
etc
formatting.mk
incubating
install-build-deps.sh
install-mq-server-prereqs.sh
install-mq.sh
internal
manifests
pkg
test
travis-build-scripts
vendor
web
",0
202,corretto_corretto-8-docker,"CODE_OF_CONDUCT.md
LICENSE
README.md
",0
203,SolaceLabs_solace-ha-docker-compose,"CONTRIBUTING.md
LICENSE
README.md
images
template
",0
204,Bonitasoft-Community_docker_bonita,"7.0
7.1
7.10
7.11
7.2
7.3
7.4
7.5
7.6
7.7
7.8
7.9
JenkinsFile
README.md
build.sh
test
",0
205,aws_aws-eb-glassfish,"4.0-jdk7
4.0-jdk7-aws-eb-onbuild
4.1-jdk8
4.1-jdk8-aws-eb-onbuild
LICENSE.txt
NOTICE.txt
README.md
THIRD-PARTY-LICENSES.txt
eb-glassfish-5.0
generate-stackbrew-library.sh
glassfish-5.0
",0
206,nats-io_nats-docker,"2.1.8
LICENSE
README.md
tests
update-server-version.sh
",0
207,openSUSE_docker-containers,"LICENSE
README.md
derived_images
",0
208,postfixadmin_docker,"Dockerfile-alpine.template
Dockerfile-debian.template
LICENSE
README.md
apache
docker-entrypoint.sh
fpm
fpm-alpine
generate-stackbrew-library.sh
update.sh
",1
209,tianon_docker-brew-ubuntu-debootstrap,"12.04
14.04
15.04
15.10
README.md
components
devel
generate-stackbrew-library.sh
latest
mirror
mkimage.sh
repo
update.sh
",0
210,nginxinc_docker-nginx,"LICENSE
README.md
generate-stackbrew-library.sh
mainline
stable
",0
211,31z4_zookeeper-docker,"3.4.14
3.5.8
3.6.1
LICENSE
README.md
",0
212,docker-library_mysql,"5.6
5.7
8.0
LICENSE
README.md
generate-stackbrew-library.sh
update.sh
",0
213,indiehosters_known,"LICENSE
README.md
docker-compose.yml
nginx.conf
scripts
",0
214,docker_docker,"AUTHORS
CHANGELOG.md
CONTRIBUTING.md
Dockerfile
Dockerfile.buildx
Dockerfile.e2e
Dockerfile.simple
Dockerfile.windows
Jenkinsfile
LICENSE
MAINTAINERS
Makefile
NOTICE
README.md
ROADMAP.md
SECURITY.md
TESTING.md
VENDORING.md
api
builder
cli
client
cmd
codecov.yml
container
contrib
daemon
distribution
dockerversion
docs
errdefs
hack
image
integration
integration-cli
internal
layer
libcontainerd
oci
opts
patches
pkg
plugin
poule.yml
profiles
project
reference
registry
reports
restartmanager
rootless
runconfig
testutil
vendor
vendor.conf
volume
",0
215,debuerreotype_debuerreotype,"Dockerfile
LICENSE
README.md
VERSION
build-all.sh
build.sh
raspbian.sh
scripts
steamos.sh
ubuntu.sh
",0
216,docker-library_cassandra,"2.1
2.2
3.0
3.11
4.0
Dockerfile.template
LICENSE
README.md
apply-templates.sh
docker-entrypoint.sh
generate-stackbrew-library.sh
update.sh
versions.json
versions.sh
",1
217,composer_composer,"CHANGELOG.md
CODE_OF_CONDUCT.md
LICENSE
PORTING_INFO
README.md
UPGRADE-2.0.md
bin
composer.json
composer.lock
doc
phpstan
phpunit.xml.dist
res
src
tests
",0
218,piwik_docker-piwik,"Dockerfile-alpine.template
Dockerfile-debian.template
README.md
apache
docker-entrypoint.sh
fpm
fpm-alpine
generate-stackbrew-library.sh
license.md
php.ini
update.sh
",1
219,SoftwareAG_MLW,"LICENSE
README.md
SECURITY.md
Third-Party License(s) Terms.pdf
azure-pipelines.yml
docker
docs
zmk
zmm
",0
220,friendica_docker,"2020.07
2020.09-dev
2020.09-rc
Dockerfile-alpine.template
Dockerfile-debian.template
LICENSE
README-MAINTENANCE.md
README.md
develop.txt
docker-cron.sh
docker-entrypoint-dev.sh
docker-entrypoint.sh
docker-setup_msmtp.sh
friendica.svg
generate-stackbrew-library.sh
latest.txt
stack.yml
update.sh
upgrade.exclude
",1
221,clearlinux_docker-brew-clearlinux,,0
222,AdoptOpenJDK_openjdk-docker,"10
11
12
13
14
8
9
Jenkinsfile
LICENSE
README.md
build_all.sh
build_latest.sh
common_functions.sh
config
dockerfile_functions.sh
dockerhub_doc_config_update.sh
generate_latest_sums.sh
generate_manifest_script.sh
generate_openj9_scc.sh
linter.sh
slim-java.ps1
slim-java.sh
test_all.sh
test_multiarch.sh
tests
update_all.sh
update_manifest_all.sh
update_multiarch.sh
",0
223,indiehosters_piwik,"LICENSE
README.md
docker-compose.yml
logo.svg
nginx.conf
scripts
",0
224,nealef_clefos,"Dockerfile
LICENSE.md
Makefile
README.md
VERSION
createBase.sh
oss.repo
",0
225,JrCs_docker-letsencrypt-nginx-proxy-companion,"Dockerfile
LICENSE
README.md
app
docs
install_simp_le.sh
schema.png
test
",0
226,raku_docker,"Dockerfile
LICENSE
README-short.txt
README.md
alpine
logo.png
",0
227,haskell_docker-haskell,"7.10
7.8
8.0
8.10
8.2
8.4
8.6
8.8
LICENSE
README.md
logo.png
",0
228,tianon_dockerfiles,"LICENSE
README.md
apt-cacher-ng
backblaze-b2
beets
bitwarden
byzanz
caff
certbot
containerd
dell-netextender
diffoscope
docker-master
docker-tianon
duplicity
ehour
exim4
github-hub
github-pages
gitlab
glxgears
gmpydl
gmvault
google-cloud-print-connector
grafana
gsl-libs.sh
handbrake
haproxy-sks
jenkins
kafka
kgb-bot
latex
lutris
makemkv
mojo
mutt-gmail
network-toolbox
perl
phpmyadmin
plex
pmbootstrap
prometheus
rtorrent
sbuild
slack
sleeping-beauty
speedtest
steam
test-config.sh
tinygo
toybox
travis-cli
true
vultr-cli
wine
xen-orchestra
ymlfmt
zoom
",0
229,heroku_stack-images,"BUILD.md
LICENSE
README.md
bin
cedar-14
heroku-16
heroku-16-build
heroku-18
heroku-18-build
heroku-20
heroku-20-build
tools
",0
230,osrf_docker_images,"LICENSE
README.md
doc
docker
gazebo
ros
ros2
sros
",0
231,amazonlinux_container-images,,0
232,irssi_scripts.irssi.org,"CNAME
README.markdown
_config.yml
_data
_includes
_layouts
_testing
_tools
assets
cpanfile
index.html
robots.txt
scripts
scripts.dmp
scripts.yml
travis_report.markdown
",0
233,Tarsnap_spiped,"BUILDING
CHANGELOG
COPYRIGHT
DESIGN.md
Makefile
Makefile.BSD
Makefile.inc
Makefile.prog
README.md
STYLE
lib
libcperciva
perftests
proto
release-tools
spipe
spiped
tests
",0
234,dshearer_jobber,"LICENSE
Makefile
README.md
buildtools
common
configure
go.mod
go.sum
ipc
jobber
jobbermaster
jobberrunner
jobfile
make-release-notes.py
mk
packaging
platform_tests
smoke_tests
vendor
version
",0
235,docker-library_memcached,"LICENSE
README.md
alpine
debian
generate-stackbrew-library.sh
update.sh
",0
236,vmware_photon-docker-image,"CONTRIBUTING.md
README.md
generate-stackbrew-library.sh
latest
release-dockerfiles
update.sh
",0
237,kaazing_gateway,"CHANGELOG.md
CONTRIBUTING.md
ISSUE_TEMPLATE.md
LICENSE.txt
NOTICE.txt
README.md
bom
bridge
certificates
distribution
doc
docker
management
mina.core
mina.netty
pom.xml
resource.address
samples
security
server
server.api
server.spi
service
test.util
transport
update.check
util
",0
238,golang-migrate_migrate,"CONTRIBUTING.md
Dockerfile
FAQ.md
GETTING_STARTED.md
LICENSE
MIGRATIONS.md
Makefile
README.md
cli
cmd
database
dktesting
docker-deploy.sh
go.mod
go.sum
internal
log.go
migrate.go
migrate_test.go
migration.go
migration_test.go
source
testing
util.go
util_test.go
",0
239,openliberty_ci.docker,"CONTRIBUTING.md
LICENSE
README.md
SECURITY.md
build
cla
docs
releases
samples
",0
240,carlossg_docker-maven,"LICENSE
README-short.txt
README.md
adoptopenjdk-11
adoptopenjdk-11-openj9
adoptopenjdk-14
adoptopenjdk-14-openj9
adoptopenjdk-8
adoptopenjdk-8-openj9
amazoncorretto-11
amazoncorretto-8
azulzulu-11
azulzulu-11-alpine
azulzulu-14
azulzulu-14-alpine
common.sh
generate-stackbrew-library.sh
github-action-generation.sh
github-action.ps1
github-action.sh
ibmjava-8
ibmjava-8-alpine
logo.png
openjdk-11
openjdk-11-slim
openjdk-14
openjdk-14-slim
openjdk-15
openjdk-16
openjdk-8
openjdk-8-slim
publish.sh
tests
windows
",0
241,docker-library_golang,"1.14
1.15
Dockerfile-alpine.template
Dockerfile-debian.template
Dockerfile-windows-nanoserver.template
Dockerfile-windows-servercore.template
LICENSE
README.md
apply-templates.sh
generate-stackbrew-library.sh
update.sh
versions.json
versions.sh
",1
242,corretto_corretto-11-docker,"CODE_OF_CONDUCT.md
LICENSE
README.md
",0
243,geonetwork_docker-geonetwork,"3.0.5
3.10.0
3.10.1
3.10.2
3.10.3
3.2.0
3.2.1
3.2.2
3.4.0
3.4.1
3.4.2
3.4.3
3.4.4
3.6.0
3.8.0
3.8.1
3.8.2
3.8.3
4.0.0-alpha.1
4.0.0-alpha.2
README.md
generate-stackbrew-library.sh
update.sh
",0
244,nodejs_node,"AUTHORS
BSDmakefile
BUILDING.md
CHANGELOG.md
CODE_OF_CONDUCT.md
CONTRIBUTING.md
GOVERNANCE.md
LICENSE
Makefile
README.md
SECURITY.md
android-configure
benchmark
common.gypi
configure
configure.py
deps
doc
glossary.md
lib
node.gyp
node.gypi
onboarding.md
src
test
tools
vcbuild.bat
",0
245,docker-library_elasticsearch,"6
7
Dockerfile.template
LICENSE
README.md
generate-stackbrew-library.sh
update.sh
",1
246,rakudo_rakudo,"3rdparty
CONTRIBUTING.md
CREDITS
Configure.pl
IN-MEMORIAM.md
INSTALL.md
LICENSE
README.md
VERSION
appveyor.yml
azure-pipelines.yml
blib
docs
dynext
gen
lib
package.json
src
t
tools
",0
247,docker-library_httpd,"2.4
LICENSE
README.md
generate-stackbrew-library.sh
update.sh
",0
248,IBM_charts,"LICENSE
ORIGIN
README.md
community
components
deprecated
entitled
logo
pak-extensions
repo
samples
stable
",0
249,docker-library_busybox,"README.md
build.sh
generate-stackbrew-library.sh
glibc
musl
uclibc
update.sh
",0
250,splunk_docker-splunk,"CODEOWNERS
Makefile
README.md
base
clair-whitelist.yml
clair_to_junit_parser.py
docs
py23-image
splunk
test-results
test_scenarios
tests
uf
",0
251,docker_for-mac,"FAQ.md
README.md
",0
252,django_django,"AUTHORS
CONTRIBUTING.rst
Gruntfile.js
INSTALL
LICENSE
LICENSE.python
MANIFEST.in
README.rst
django
docs
extras
js_tests
package.json
scripts
setup.cfg
setup.py
tests
tox.ini
",0
253,docker-library_openjdk,"11
14
15
16
8
Dockerfile-adopt-debian-slim.template
Dockerfile-adopt-debian.template
Dockerfile-adopt-windows-nanoserver.template
Dockerfile-adopt-windows-servercore.template
Dockerfile-oracle-alpine.template
Dockerfile-oracle-debian-slim.template
Dockerfile-oracle-debian.template
Dockerfile-oracle-oraclelinux.template
Dockerfile-oracle-windows-nanoserver.template
Dockerfile-oracle-windows-servercore.template
LICENSE
README.md
generate-stackbrew-library.sh
update.sh
",1
